'Adress','Profession'
'610 Elizabeth Rapid
Jameston, DE 61960','Data processing manager'
'7224 Kathy Falls
Kimshire, DE 92192','Hydrogeologist'
'6860 Lisa Mission Suite 290
Perezstad, LA 98463','Building surveyor'
'691 Scott Field
Sarahstad, NV 55677','Warehouse manager'
'021 Castaneda Throughway
Espinozamouth, FM 26728','Sub'
'9978 Brad Forks Apt. 757
West Laurie, CT 50837','Sub'
'Unit 2230 Box 1912
DPO AA 80091','Engineer, civil (consulting)'
'PSC 7779, Box 4245
APO AE 37194','Accountant, chartered certified'
'2167 Michael Street
Nelsonshire, MT 37033','Interpreter'
'Unit 7833 Box 6373
DPO AP 55706','Editor, magazine features'
'1848 Harris Summit Apt. 690
Sparksborough, MI 13508','Intelligence analyst'
'52766 Gina Throughway Suite 827
Port Ruthshire, IA 32151','Land/geomatics surveyor'
'98493 Kyle Via
Crystalberg, MS 39790','Psychiatric nurse'
'344 Diana Square
Wongview, HI 07155','Scientist, research (maths)'
'27009 Heather Drive Suite 920
Ryanstad, AS 06951','Public relations officer'
'949 Phillip Ports Apt. 919
New Robert, MA 29164','Air traffic controller'
'44973 Castaneda Run
Lewistown, HI 43514','Chief Financial Officer'
'49809 Nixon Prairie Apt. 353
Jamesland, MN 46033','Lawyer'
'3652 Nicole Highway
Warrenville, FL 19020','Writer'
'6859 Reyes Port
Lake Rachel, ND 48622','Operations geologist'
'41186 Crystal Parks Suite 357
North Kevintown, MI 23605','Restaurant manager'
'2433 William Point
Davidside, PA 08802','Psychologist, counselling'
'1738 Francisco Pass
Dukehaven, MP 78727','Professor Emeritus'
'19592 Mcmahon Courts
Odonnellhaven, VI 67464','Chief Marketing Officer'
'1309 Gross Gateway Suite 185
Nathanton, VA 96822','Engineer, control and instrumentation'
'PSC 1735, Box 4771
APO AP 72093','Animal technologist'
'28826 Justin Squares Suite 497
Port Jason, MH 62914','Analytical chemist'
'1334 Diane Viaduct Apt. 707
New Sethville, NM 20986','Occupational hygienist'
'45150 Richard Streets
Selenahaven, AS 24993','Surveyor, hydrographic'
'7211 Baker Crest
Camachoshire, RI 08895','Engineer, agricultural'
'251 Davidson Club Apt. 433
East Angela, FL 06571','Warehouse manager'
'471 Bishop Avenue
North Teresa, NM 12708','Housing manager/officer'
'299 Eric Crest
Parkport, NV 93706','Operational investment banker'
'29859 Laura Tunnel Suite 255
East Brianland, OH 38212','Geophysicist/field seismologist'
'264 Burns Trace Apt. 633
Nathanville, GA 23259','Legal executive'
'73809 Christy Falls Suite 152
Port Michael, AK 59477','Learning mentor'
'PSC 4109, Box 6841
APO AE 59498','Surveyor, quantity'
'043 Mark Mills Suite 344
New Robert, NC 53202','Health physicist'
'23429 Torres Light
Dillonfort, VT 34920','Building control surveyor'
'62027 Linda Garden
Raymondfort, NY 80363','Advice worker'
'4335 Joseph Burgs Apt. 068
Port Eric, PR 80264','Editor, commissioning'
'15280 Chelsea Forges
East Katelyn, GU 64526','Education administrator'
'88898 Albert Trail
New Aaronfurt, IA 08234','Engineer, petroleum'
'32533 Young Flat
Michaelfurt, AR 44674','Engineer, maintenance'
'57029 White Plain
Murrayfort, TN 58891','Visual merchandiser'
'Unit 7764 Box 8229
DPO AP 11781','Medical sales representative'
'9462 Shea Locks Apt. 718
Port Angelamouth, TN 28304','Town planner'
'15711 Wells Bridge
Port Cody, MI 00573','Market researcher'
'610 Riley Place
Port Veronicaberg, NY 67625','Public librarian'
'655 Susan Mission
East Melissa, NY 40622','Dancer'
'6782 Ayala Drive
Stevenfort, CA 99819','Counselling psychologist'
'USNS Snyder
FPO AP 76165','Make'
'952 Lori Unions
Marcusland, ME 69045','Estate manager/land agent'
'20134 Thompson Court Apt. 298
Vanessamouth, RI 63058','Agricultural consultant'
'083 Hayes Unions Apt. 682
Port Davidhaven, GA 82233','Engineer, manufacturing systems'
'786 Kimberly Mews Suite 486
Port Emilyborough, CO 57545','Purchasing manager'
'73457 Maria Manors
Rodriguezmouth, OH 13438','Administrator, Civil Service'
'47594 James Corner Apt. 663
Randolphtown, ME 80140','Surveyor, minerals'
'7406 Eric Unions
Anitaberg, TX 65709','International aid/development worker'
'5113 Tate Haven Suite 371
Kennedymouth, SC 30618','Loss adjuster, chartered'
'16785 Mclaughlin Forks
Nashside, NV 76545','Engineer, manufacturing'
'70657 Steve Cliffs Suite 311
Sandraborough, CO 71698','Physiological scientist'
'30683 Samantha Pass Apt. 535
Serranoberg, OR 03814','Nurse, children''s'
'672 Robinson Unions Suite 851
Brownside, HI 01384','Dealer'
'4591 Christopher Lodge
Reedville, NC 34620','Counsellor'
'3238 Quinn Points Apt. 876
South Jeremy, DE 94276','Dealer'
'1422 Judy Crescent Apt. 927
North Joshuaberg, MS 80041','Probation officer'
'1821 Maria Island
Lake Justinport, MN 06732','Consulting civil engineer'
'989 Debbie Dale
Jeffreytown, MO 32092','Biomedical scientist'
'014 Barrett Circles Apt. 196
Lake Steven, MS 00908','Heritage manager'
'60092 Palmer Flat Apt. 464
Webershire, ME 90587','Government social research officer'
'527 Derrick View Apt. 331
West Emily, ID 28054','Chief Financial Officer'
'4871 Sarah Creek
Padillahaven, MS 60174','Immunologist'
'137 Raymond Square Apt. 122
East Carolineport, ID 15903','Publishing copy'
'432 Wright Isle Suite 525
Lake Ashleytown, IN 68505','Physicist, medical'
'48239 Calhoun Drive Suite 260
Port Joseph, ME 75667','Lobbyist'
'3769 Perry Dam Apt. 240
Lake Alanland, PW 72060','Games developer'
'403 Kimberly Manors
South John, RI 01412','Analytical chemist'
'453 Maxwell Point
Melissaland, ID 71444','Best boy'
'613 Hooper Meadow Apt. 523
Williamschester, IA 64732','Accommodation manager'
'USNV Holland
FPO AE 46862','Commissioning editor'
'613 Kelsey Mission Suite 523
Greenchester, NJ 57347','Advertising art director'
'37300 King Roads Apt. 889
East Robin, SD 41694','Buyer, retail'
'PSC 9134, Box 0606
APO AA 09019','Air cabin crew'
'123 Burns Lake Apt. 718
Petersonside, UT 86507','Armed forces training and education officer'
'PSC 6114, Box 6195
APO AA 83344','Production manager'
'2954 Riley Burgs
Diazmouth, GA 85059','Conservator, museum/gallery'
'PSC 6811, Box 0577
APO AP 87476','Personnel officer'
'70678 Green Trail
Paulchester, IN 33295','Surgeon'
'Unit 3015 Box 7179
DPO AP 27076','Education officer, community'
'4002 Mark Gardens
West Daniel, WA 58033','Arts development officer'
'33322 Steven Terrace Apt. 884
New Jared, TX 36037','Sales executive'
'28533 Melissa Camp Apt. 915
New Bill, WA 95755','Sound technician, broadcasting/film/video'
'329 Sarah Street
New Alexander, IN 38241','Firefighter'
'3569 Cook Mountains
New Chad, LA 14021','Data processing manager'
'5547 Perez Islands
Coxshire, NY 32155','Interpreter'
'797 Dakota Crossroad
Erikatown, NV 15903','Petroleum engineer'
'531 Kevin Coves Apt. 755
Bethanymouth, MN 86106','Research scientist (maths)'
'PSC 2864, Box 0627
APO AE 96095','Horticulturist, amenity'
'219 Sullivan Harbors
Tiffanyfurt, SC 79871','Financial controller'
'515 Robert Roads Apt. 489
Ericaside, VI 30756','Psychologist, educational'
'0081 Jackson Hollow
Lake Rhondafurt, AK 08238','Medical illustrator'
'1422 Michael Mission
New Dana, IL 52285','Prison officer'
'59718 Davis Field
Port Jenniferchester, GA 29384','Patent attorney'
'3304 Laura Ridge
Jenniferville, DC 91880','Editor, magazine features'
'94594 Greer Prairie
Jeremyview, TX 72882','Actuary'
'9656 Matthew Hills
New Karla, DC 85614','Geographical information systems officer'
'89340 Julia Knolls Suite 695
New Jeffrey, ND 30511','Programme researcher, broadcasting/film/video'
'9340 Daniel Cliffs Apt. 444
East Darrenstad, VT 46413','Teacher, special educational needs'
'689 Curtis Points
West Brianbury, CA 88166','Radio producer'
'0326 Zimmerman Knolls Suite 751
Lake Misty, FM 99484','Pharmacologist'
'USNV Atkinson
FPO AA 92947','Rural practice surveyor'
'10802 Williams Plaza
Jessicaburgh, IN 65547','Maintenance engineer'
'026 Kristina Turnpike Apt. 400
Morrisbury, NE 06367','Amenity horticulturist'
'48488 Cuevas Square
Alexanderberg, MH 49024','Control and instrumentation engineer'
'32620 Anderson Station
West Tamara, ND 65289','Youth worker'
'PSC 6586, Box 3544
APO AE 14843','Psychiatric nurse'
'04166 Adams Springs
Amandaton, PA 16515','Surveyor, mining'
'251 James Trafficway
South Lisachester, MP 86521','Private music teacher'
'39695 Angela Rue Apt. 113
Derrickbury, WI 68083','Child psychotherapist'
'06067 Francisco Club
Johnsonfort, DE 82632','Computer games developer'
'USNV Gray
FPO AP 09414','Microbiologist'
'PSC 5210, Box 0496
APO AA 93408','Psychologist, occupational'
'624 Billy Trail
Port Jonshire, MO 85582','Ambulance person'
'6430 Judith Skyway
New Danielfurt, GA 84441','Administrator, arts'
'44246 Church Locks
North Gwendolynport, NY 87613','Travel agency manager'
'4203 Alec Lodge Suite 017
Roseport, MO 00935','Legal executive'
'69549 Brian Plains Suite 894
Richardport, MH 52161','Surveyor, land/geomatics'
'4454 Marsh Stream
Kellychester, GU 71401','Engineer, automotive'
'71480 Samantha Plains Apt. 683
Salazarland, HI 53730','Systems developer'
'Unit 4123 Box 8025
DPO AE 07653','Teacher, primary school'
'021 Robert Field Suite 829
North Elizabeth, MN 83546','Stage manager'
'2417 Romero Viaduct Suite 134
Brianton, FM 18906','Tax adviser'
'59361 Cooke Light Apt. 639
Luisfort, DE 81619','Arts development officer'
'6830 Madison Wells
Daviesmouth, MD 16082','Pension scheme manager'
'588 Omar Passage Apt. 034
Walkerborough, MI 36358','Producer, radio'
'USS Hardy
FPO AA 79696','Comptroller'
'4458 Wright Rapid Suite 304
Williamborough, HI 53258','Pilot, airline'
'5228 Rachel Trail Suite 398
Millermouth, MA 61637','Museum education officer'
'57040 Padilla Isle Suite 639
East Daniellefurt, MO 00748','Forensic scientist'
'6766 Smith Light Apt. 939
Wagnerfurt, CT 66194','Accounting technician'
'3642 Brooks Club Apt. 124
West Ronaldshire, IN 62414','Maintenance engineer'
'86675 Jesse Meadow
Ingramfort, MI 93866','Furniture designer'
'Unit 9753 Box 7100
DPO AP 18016','Barrister'
'USS Wright
FPO AA 51797','Automotive engineer'
'86219 Dudley Village Apt. 316
East Deborahborough, VA 41767','Engineer, building services'
'676 George Place
North Jacquelinechester, KS 57163','Embryologist, clinical'
'57181 Tonya Key Apt. 074
Lake Natalie, MO 81648','Catering manager'
'10628 Ryan Pass
Hardintown, MH 96288','Consulting civil engineer'
'688 Ashley Isle Apt. 795
Jakeville, MD 20520','Teacher, primary school'
'1961 Joseph Parkways Apt. 859
Lake Taratown, SC 20731','Surveyor, planning and development'
'USNS Freeman
FPO AP 63275','Designer, exhibition/display'
'839 Derek Glens
Williamsside, NV 91060','Journalist, magazine'
'PSC 5532, Box 2052
APO AP 29600','Psychiatric nurse'
'26417 Christopher Manor
Johnsonville, LA 02518','Surveyor, land/geomatics'
'04440 James Wells
Lake Nicholastown, AZ 84166','Personnel officer'
'28274 Byrd Forest Suite 274
Cruzchester, OK 80806','Private music teacher'
'585 Gibson Court
Reginaside, IN 71290','Risk analyst'
'441 Scott View Apt. 031
Taylorside, MO 31860','Statistician'
'9123 Katherine Greens Apt. 480
New Stephen, FM 09218','Health and safety adviser'
'4844 Paul Club
New Barry, KS 40257','Education officer, environmental'
'91077 Rivera Wells
Sheilaville, MO 22042','Fine artist'
'Unit 7982 Box 9000
DPO AP 36546','Therapist, occupational'
'6994 Gibson Stravenue Suite 351
Michellebury, GU 82546','Corporate treasurer'
'07131 Julie Lane Apt. 368
Port Jessica, UT 48571','Music tutor'
'009 Rodriguez Meadows
East Tammy, VI 95228','Clinical scientist, histocompatibility and immunogenetics'
'922 White Radial
Heatherport, NV 60480','Chartered public finance accountant'
'USS Cook
FPO AE 99183','Designer, television/film set'
'8140 Foster Glens Suite 717
Port Francisco, AK 02338','Animal technologist'
'852 Frank Island
Lake Julie, KY 53954','Special educational needs teacher'
'35492 Gallegos Curve
Garciamouth, AS 48672','Air traffic controller'
'09609 Wells Hollow Suite 876
Stevensborough, NM 35192','Administrator, education'
'22584 Marks Ports
South Matthewburgh, PR 77403','Teacher, special educational needs'
'Unit 9985 Box 3311
DPO AA 07770','Conservation officer, nature'
'7085 Thomas Street
Howellstad, NM 49579','Textile designer'
'68455 Shelby Gardens Suite 695
Hernandezland, OH 23490','Financial manager'
'670 Margaret Pass
South Kevinburgh, NM 41453','Medical laboratory scientific officer'
'Unit 5352 Box 9704
DPO AA 63337','Counselling psychologist'
'81921 Mason Vista Suite 254
West Brandyland, VT 11137','Microbiologist'
'27227 Stephanie Lights
Carlsontown, MP 81159','Consulting civil engineer'
'79690 Madison Island Suite 231
Andrewport, MA 13243','Health and safety inspector'
'210 Natasha Lakes Suite 786
Wilsonhaven, CO 44824','Art gallery manager'
'414 Rasmussen Court
Youngberg, AL 20015','Air cabin crew'
'95250 Robert Courts
Terryfurt, VI 23580','Local government officer'
'27781 Christine Ville
South David, ME 01559','Oncologist'
'73641 Andrea Turnpike
Port Kathryn, TX 61966','Early years teacher'
'27240 Cody Wall
Rogersfort, FM 12058','Information officer'
'1496 Deleon Lane
East Cory, TX 18440','Conservator, museum/gallery'
'05167 Delacruz Junctions
North Brian, CA 20070','Chief Technology Officer'
'914 Stevenson Square Apt. 480
New Judyburgh, PA 18182','Lecturer, further education'
'9495 Kristin Falls Apt. 489
West Tiffanyshire, VI 66446','Banker'
'75787 Brittany Viaduct
Brianville, IN 28497','Education administrator'
'099 Michael Tunnel
Calvinbury, WV 14961','Logistics and distribution manager'
'09196 Hogan Neck
North Christinaville, AR 28058','Quarry manager'
'09427 Marissa Stravenue Suite 741
Wilkersonmouth, PR 15488','Quarry manager'
'1633 Miranda Plains Suite 108
Carolbury, MH 66751','Dealer'
'437 Steven Port
Port Troy, SD 60274','Advice worker'
'97399 Colleen Pine
Jacquelinechester, VT 07614','Broadcast presenter'
'41316 Nicholas Course
Jonathonhaven, OR 06466','Biomedical engineer'
'02614 Rodriguez Estate Apt. 884
South Adam, AL 90390','Operational investment banker'
'094 Garcia Gardens
North Christianburgh, FM 52491','Barrister''s clerk'
'8836 Jones Island Apt. 376
East Robertstad, IL 14640','Editor, film/video'
'1222 Vincent Rapids Apt. 648
Kellyland, OK 41652','Air traffic controller'
'514 Michael Junction Apt. 245
Cunninghammouth, NE 33249','Engineer, electrical'
'802 Laura Plaza
Coleview, NV 21332','Teacher, music'
'1428 Krista Common Apt. 404
North Ashleyville, NV 18805','Maintenance engineer'
'55265 Colin Light Apt. 196
South Kathrynshire, ID 07980','Medical secretary'
'68164 Laura Inlet Apt. 816
Smithborough, MT 18762','Data processing manager'
'149 Brian Forges
North Jakeside, IA 96624','Chemical engineer'
'875 Ashley Tunnel
Nicholechester, WV 06147','Statistician'
'661 Taylor Vista
Timothyside, MS 18532','Advertising art director'
'431 Brandon Locks Suite 512
North Jeanette, LA 02024','Surveyor, commercial/residential'
'502 Morgan Expressway
Hugheston, PR 48559','Computer games developer'
'32212 Stevens Course
North Samuelberg, ID 38290','Rural practice surveyor'
'789 Zachary Alley
East Kristie, PR 99080','Technical brewer'
'Unit 8578 Box 1541
DPO AE 42322','Paediatric nurse'
'525 Bush Flats Suite 352
Thomasbury, DE 00714','Warden/ranger'
'0477 Chad Lodge Apt. 697
East Jared, ND 35898','Radio broadcast assistant'
'2030 Andrew Mount Suite 174
West Renee, WA 26811','Designer, interior/spatial'
'15620 Young Circle Suite 778
Goodwinborough, WY 72532','Runner, broadcasting/film/video'
'86838 Danielle Skyway
Watsontown, MH 77852','Chief of Staff'
'97720 Smith Stream Apt. 059
Lake Alishaland, SD 45777','Chiropodist'
'Unit 9001 Box 3085
DPO AP 47696','Company secretary'
'Unit 5488 Box 5891
DPO AA 76971','Fish farm manager'
'442 Ashley Circles Suite 944
West Brookeberg, AL 18769','Engineer, electrical'
'PSC 8795, Box 1518
APO AE 86308','Information systems manager'
'733 Thompson Valleys Apt. 100
Wardbury, NJ 31886','Buyer, industrial'
'3468 Lopez Springs
North Nicoleton, PA 37569','Print production planner'
'USNV Townsend
FPO AE 25400','Waste management officer'
'USS Ward
FPO AE 52256','Sales professional, IT'
'09016 Hartman Ridge Apt. 678
Craigberg, MP 37936','Scientist, marine'
'98111 Hickman Stravenue Apt. 898
New Carolynburgh, VI 96055','Building services engineer'
'89958 Rodriguez Street
East Christopher, SC 91035','Sports therapist'
'PSC 0827, Box 7370
APO AA 20656','Restaurant manager, fast food'
'USNS Stephens
FPO AP 67361','Customer service manager'
'5831 Kelly Vista Apt. 463
Lake Gregory, AL 04143','IT sales professional'
'12332 Schwartz Street Apt. 144
Carsonfort, OR 97745','Chartered legal executive (England and Wales)'
'910 Wyatt Mountains Suite 006
Janefort, OK 76900','Architectural technologist'
'5137 Robinson Loop
Hamptontown, NH 75103','Lighting technician, broadcasting/film/video'
'PSC 1242, Box 8442
APO AA 87918','Toxicologist'
'973 Lane Drive
West Daniel, UT 05848','Careers information officer'
'9501 Steven Manor Apt. 233
West Darren, OH 97550','Chemical engineer'
'Unit 9606 Box 2727
DPO AP 35163','Records manager'
'33400 Williams Estate Suite 908
North Benjamin, NC 43530','Editor, magazine features'
'7427 Terrell Circles Apt. 535
Brownhaven, IN 07442','Holiday representative'
'50965 Becker Key
Smithchester, DE 00851','Nurse, mental health'
'80679 Joshua Hill
New Jenniferville, WY 43104','Buyer, retail'
'95003 Sandra Island
East Bryan, PA 77011','Designer, furniture'
'7810 Carter Plains Suite 131
Davidfort, GU 02189','Legal executive'
'Unit 5446 Box 4571
DPO AA 45232','Psychiatric nurse'
'557 Leach Harbors
South Theresashire, TN 46669','Engineer, water'
'7390 Cindy Hills
Wrightburgh, AZ 94770','Therapeutic radiographer'
'5186 Bolton Hills
Lake Frederickview, CT 12900','Company secretary'
'5998 Julie Springs
North Susan, NY 03292','Geneticist, molecular'
'9080 Graves Brooks
Tinamouth, FL 36222','Administrator, sports'
'957 Garrett Loop Apt. 034
South Tracyfurt, KS 30536','Product manager'
'335 Michael Via Apt. 496
West Sarahview, VA 49630','Conservator, furniture'
'4860 Christopher Islands Apt. 105
Donton, WV 39593','Psychologist, sport and exercise'
'766 Nguyen Ridge
Valerieside, TX 14208','Statistician'
'283 Henson Coves
Sarahfurt, CT 63187','Hospital doctor'
'74196 Flores Mount
Port Loriview, ME 21847','Building surveyor'
'1742 James River
New Tiffany, ME 40853','Chemist, analytical'
'79911 Simon Green Suite 393
North Gina, DE 99428','Archivist'
'Unit 1587 Box 7612
DPO AE 80174','Retail merchandiser'
'05100 Matthew Keys Apt. 682
Harperland, NY 02211','Associate Professor'
'73108 Tina Terrace Apt. 573
Curtisport, ID 91932','Animator'
'1538 David Springs
North Johnhaven, OR 41268','Government social research officer'
'1505 Thomas Estates Apt. 830
Sandraburgh, LA 01402','Outdoor activities/education manager'
'69511 Robert Drive Suite 611
New Angela, NJ 91494','Customer service manager'
'1492 Elizabeth Squares
South Edward, DE 49910','Legal executive'
'3017 Brandy Island
Fisherchester, NM 85699','Field trials officer'
'PSC 5361, Box 0322
APO AE 96829','Scientist, physiological'
'3758 Joel Vista Apt. 097
Randallfort, MA 66038','Accountant, chartered'
'191 Jesus Mill
Robinsonfurt, MO 52344','Occupational psychologist'
'05188 Meyer Shoal Apt. 153
Smithstad, FL 23016','Chemical engineer'
'8007 Wendy Parks Apt. 616
Port Dominiqueshire, UT 55538','Civil Service administrator'
'5257 Watson Glens Apt. 541
Nixonstad, KY 40188','Brewing technologist'
'188 Cantu Isle Apt. 343
East Brandyport, GU 04204','Designer, textile'
'5665 Williams Spring Suite 927
West Tyler, MO 11950','Theme park manager'
'215 Luna Creek
Palmerville, MD 24571','Interior and spatial designer'
'USNS Mejia
FPO AE 87526','Surveyor, insurance'
'414 Keith Alley Apt. 549
Lake Jordanport, CT 19513','Radio broadcast assistant'
'95695 Peter Isle
Philipfort, CO 18886','Food technologist'
'7504 Martinez Green
Lake Karen, FL 93672','Engineer, building services'
'PSC 2914, Box 7065
APO AE 09122','Publishing copy'
'28818 Beasley Squares
East Kimberly, WY 20592','Office manager'
'2429 Miller Squares
New Curtis, PW 81331','Ophthalmologist'
'PSC 8306, Box 3414
APO AP 99568','Midwife'
'228 Courtney Mountains
North Hannah, VT 38005','Insurance risk surveyor'
'587 Barrett Stravenue Apt. 485
Lake Allison, VA 19345','Programmer, applications'
'2507 Deborah Street Apt. 586
Lake Steven, DE 22540','Teacher, early years/pre'
'3595 Desiree Fields
Farrellhaven, MP 58991','Sport and exercise psychologist'
'1829 James Cape
Adamview, ME 96687','Scientist, clinical (histocompatibility and immunogenetics)'
'82738 Moore Spurs Apt. 731
Pottsburgh, TX 89419','Designer, blown glass/stained glass'
'406 Edwin Lake
Gabrielside, NY 16251','Retail manager'
'6022 Jose Tunnel
Medinaside, VI 78117','Video editor'
'1685 Michael Divide Suite 906
South Brett, PW 28221','Recycling officer'
'71568 Grimes Trail
Catherineland, AS 78188','Energy manager'
'Unit 5182 Box 8783
DPO AP 87242','Marketing executive'
'60898 Mitchell Radial Suite 381
Johnton, MI 81893','Engineer, chemical'
'3043 Jason Ridges
Adamsshire, MT 50510','Sales professional, IT'
'8712 Joshua Plain
Port Dianeton, NV 65391','Air traffic controller'
'1889 Kevin Island Apt. 385
Wilsonview, CA 49050','Video editor'
'84659 Margaret Loaf
Michaeltown, LA 88371','Quantity surveyor'
'64505 Zachary Burg
North Lorifort, PR 82403','Public relations account executive'
'308 Turner Crossing
North Lindsay, ND 48379','Agricultural consultant'
'0127 Rivas Meadow Suite 699
Millerburgh, NV 07549','Environmental consultant'
'USNS Robles
FPO AP 55883','Museum/gallery conservator'
'18586 White Ways Suite 776
Davisburgh, AK 15638','Sports development officer'
'PSC 0464, Box 6124
APO AE 56123','Barista'
'84396 Williams Lodge Suite 615
Clarkhaven, AZ 51693','Race relations officer'
'2338 Taylor Junctions Apt. 181
North Laurenmouth, PW 49968','Colour technologist'
'12070 Susan Forks Suite 793
North Crystalmouth, SC 53599','Electronics engineer'
'99103 Hughes Villages Apt. 814
Port Johnbury, NY 16127','Sound technician, broadcasting/film/video'
'3223 David Loaf
South Jacobshire, OH 23768','Oncologist'
'095 Michael Common
Markport, CT 92695','Surveyor, minerals'
'234 Jones Village
Port Angelaville, WA 50086','Air traffic controller'
'57793 Wilson Station
Nealhaven, KS 34430','Medical secretary'
'54728 Williams Streets Apt. 266
New Amber, RI 73441','Fast food restaurant manager'
'678 Cox Road
West Larry, NJ 06121','Engineer, materials'
'7704 Connie Club Suite 383
Elizabethbury, AL 71910','Print production planner'
'0534 Clark Plains
Holmesbury, SC 76150','Clinical embryologist'
'239 Ryan Trafficway
West Aaron, PR 20541','Multimedia specialist'
'74367 Christensen Point
Carlahaven, AS 55319','Midwife'
'9762 Ashley Turnpike Apt. 998
South Cindy, KS 80273','Civil engineer, contracting'
'92569 Kramer Parks
South Derek, DE 46064','Sales executive'
'43002 Jessica Forest
Kimberlyville, WY 20515','Psychiatric nurse'
'234 Lauren Corners Apt. 801
South Ryanton, GA 32032','Archaeologist'
'029 Cole Ranch
New Tony, NH 34906','Paediatric nurse'
'846 Melissa Ports Apt. 333
Millerhaven, UT 11915','Runner, broadcasting/film/video'
'97240 Brittany Squares Suite 618
Nelsonfurt, LA 84433','Quality manager'
'10148 Hannah Ferry Suite 337
East Madeline, CA 90063','Conservator, furniture'
'29249 Ellison Groves
South Jeremy, AR 10034','Museum education officer'
'4079 Cisneros Mountain Apt. 285
New Stephen, VI 52376','Herpetologist'
'575 Sarah Mall Suite 307
West Cameronstad, NY 69777','Financial controller'
'1065 Jacqueline Drives
Fernandezfurt, PW 05072','Special effects artist'
'090 George Inlet
East Brian, CA 46371','Emergency planning/management officer'
'5057 Meadows Curve
Hamiltontown, AL 02743','Lecturer, higher education'
'9335 Jeffery Lock Apt. 545
South Kendra, MA 38571','Investment analyst'
'520 Alexander Pine Suite 928
North Donna, WA 21189','Magazine features editor'
'23361 Hicks Inlet
Stephenhaven, IN 04597','Engineer, building services'
'033 Franklin Loop
Moranfort, CT 31117','Scientist, forensic'
'Unit 5847 Box 1762
DPO AA 81040','Pharmacologist'
'28512 Thomas Lock Suite 412
East William, SC 83611','Radiographer, diagnostic'
'USCGC Medina
FPO AA 85816','Health physicist'
'971 Jennifer Valley
East Luke, ID 73412','Estate agent'
'USNV Meza
FPO AA 20821','Glass blower/designer'
'9353 William Forges Apt. 038
Sandersbury, MO 32386','Multimedia programmer'
'748 Garrison Centers
East Ronald, WI 65705','Aeronautical engineer'
'PSC 7418, Box 4691
APO AP 24885','Programmer, applications'
'3794 Jones Overpass
West Nicolebury, WA 76467','Quality manager'
'9967 Hernandez Trafficway
Perkinston, MA 50382','Teacher, English as a foreign language'
'527 Amber Courts Apt. 260
Kramertown, TN 56391','Youth worker'
'230 Allen Lodge Suite 310
Rickyborough, AL 09006','Operations geologist'
'9416 Hendrix Burgs
East David, PA 72272','Soil scientist'
'06985 Dunn Mount Suite 527
Lewisburgh, VI 13625','Politician''s assistant'
'Unit 7696 Box 2476
DPO AP 32524','Geographical information systems officer'
'05691 Hunter Extension Suite 353
Vegamouth, UT 26151','Conservation officer, nature'
'7584 Daniel Drive Suite 134
Erichaven, MT 16715','IT consultant'
'578 Campbell Stravenue
New Sherri, HI 85000','Archivist'
'374 Sara Plaza Suite 993
Starktown, MT 19018','Financial planner'
'Unit 5969 Box 3790
DPO AE 39870','Conservation officer, historic buildings'
'USS Campbell
FPO AP 58464','Dentist'
'7313 Keith Crescent Suite 316
North Cynthia, IA 74230','Chief Marketing Officer'
'62859 Tamara Trail
Allisonside, MI 34747','Teacher, early years/pre'
'USNV Guzman
FPO AE 96247','Tree surgeon'
'35433 Fitzgerald Pine
Reyesside, VT 41638','Secretary, company'
'641 Wells Passage Apt. 884
South Jose, UT 61688','Theatre stage manager'
'PSC 9314, Box 5845
APO AA 23257','General practice doctor'
'663 Richardson Point Suite 386
Jacobsville, AL 40121','Print production planner'
'431 Anderson Via Suite 104
New Joannaside, WA 11427','Copy'
'004 Williams Islands
Richardbury, GA 64522','Osteopath'
'71836 Patricia Mission
Jordanhaven, MI 87887','Housing manager/officer'
'904 Woods View
Johnborough, GA 71904','Facilities manager'
'147 Wu Green Apt. 279
West Erica, LA 73921','Audiological scientist'
'0132 Brandon Bridge
South Nicole, WV 31114','Psychologist, counselling'
'06958 Mark River
South Michael, PW 57627','Print production planner'
'3766 Parker Shores
Michaelton, SD 84564','Clinical molecular geneticist'
'054 Sarah Tunnel Apt. 306
Singhfort, GA 76972','Production assistant, radio'
'799 Gregory Trail
East Tamiview, AZ 58223','Engineer, materials'
'731 Gamble Heights
Lake Paulamouth, MP 72159','Financial controller'
'36072 Ingram Vista Apt. 810
Pittsfort, NE 59453','Research scientist (life sciences)'
'96135 Ryan Route Apt. 830
Lake Stephanieside, DC 05839','Mental health nurse'
'Unit 9234 Box 2071
DPO AE 26127','Quantity surveyor'
'166 Carla Junction Suite 802
Floydmouth, GU 37343','Therapist, music'
'87824 Farrell Landing
East Danielle, CA 66595','Research scientist (maths)'
'05195 Adams Vista
South Richardmouth, HI 69264','Producer, television/film/video'
'81396 Roy Walk Apt. 067
Port Davidhaven, FL 44236','Volunteer coordinator'
'PSC 9251, Box 2957
APO AP 93159','Electronics engineer'
'77373 Mason Haven
Cervantesland, WI 56969','Therapeutic radiographer'
'445 Morales Brook
West Patrick, NV 05908','Legal executive'
'822 Nicholas Lodge Apt. 070
Ericaborough, AR 93480','Dealer'
'339 Walter Ferry
Jenniferfort, ID 66218','Environmental consultant'
'88643 Jesus Knolls
West Michael, LA 89913','Scientist, research (maths)'
'89699 Beltran Rapid
Mollybury, AZ 24788','Loss adjuster, chartered'
'29177 Guzman Street Suite 451
South Theresamouth, HI 75627','Artist'
'4297 Aaron Ways
Anneside, AZ 81659','Electrical engineer'
'Unit 0529 Box 5128
DPO AP 73400','Museum/gallery curator'
'72529 Gerald Branch Apt. 783
Harpershire, VT 86499','Psychologist, forensic'
'8671 Williams Center
South Tracyville, MA 43690','Museum/gallery curator'
'121 Ann Brook Suite 294
New Jennifer, AZ 13686','Immunologist'
'35829 Chad Cape
Juanburgh, AZ 30364','Scientist, research (physical sciences)'
'91990 Rogers Junctions Apt. 074
Crawfordtown, DE 56834','Writer'
'7119 Jesse Falls
Lake Robert, AK 07465','Human resources officer'
'PSC 1470, Box 3980
APO AA 61125','Surveyor, insurance'
'6723 Michelle Isle
Port Keithport, GU 95727','Statistician'
'773 Smith Crescent Apt. 061
South Matthewfurt, GA 90956','Magazine journalist'
'49998 Christopher Fords
Michaelport, AL 65923','Public relations officer'
'101 Charles Village
West Cody, MI 32581','Development worker, community'
'434 Christine Street
Reyeschester, NE 33418','Recruitment consultant'
'015 Rebecca Falls
North Desireeport, AR 08390','Sports development officer'
'80104 Griffin Prairie Apt. 103
West Amandastad, AL 41269','Sports development officer'
'0924 Laura Common Suite 022
Joshuaburgh, VA 29831','Holiday representative'
'315 Michele Forges
North Tammymouth, IN 29348','Scientist, marine'
'788 Kimberly Oval Suite 640
South Stevenmouth, MA 01538','Biochemist, clinical'
'909 Justin Garden Suite 302
West Michelle, UT 66986','Engineer, mining'
'26198 Jackson Lodge Apt. 633
Andreaport, VA 15902','Journalist, broadcasting'
'17751 Robinson Station Suite 147
Samuelland, LA 13290','Management consultant'
'6350 Rachel Rapids
New Patricia, VA 10791','Midwife'
'7952 Leon Parks
North Lisahaven, MS 94575','Agricultural consultant'
'116 Williams Locks
South Jenniferfort, OK 79064','Landscape architect'
'958 Ross Tunnel
Longtown, TX 47927','Embryologist, clinical'
'29726 Kathryn Summit Suite 404
West Reginaside, ND 53409','Glass blower/designer'
'519 Kelly Turnpike
Larsonberg, NE 99314','Chief Marketing Officer'
'6825 Anthony Wells
Mitchellville, ID 21974','Armed forces training and education officer'
'519 Gonzalez Station Suite 104
South Jamieborough, MO 85192','Scientist, research (life sciences)'
'424 Smith Harbors
New Jonathonborough, DC 89265','Radiographer, therapeutic'
'234 Cole Crescent
South Madison, MI 24978','Counselling psychologist'
'7084 Michele Trace
Copelandshire, MN 08631','Database administrator'
'Unit 7211 Box 7627
DPO AA 86736','Graphic designer'
'44648 Garcia Mills Apt. 548
North Charles, MT 03658','Insurance underwriter'
'4203 Tony Ports Apt. 137
South Daisy, TN 07429','Agricultural consultant'
'3257 Jordan Village Apt. 026
Grantfurt, VT 61031','Publishing rights manager'
'2077 Jones Route Suite 788
Wrighthaven, GU 02591','Structural engineer'
'8302 Hoffman Corner Apt. 795
North Christopher, AK 22625','Education officer, environmental'
'232 Mays Ways Apt. 702
South Steven, MI 01742','Diagnostic radiographer'
'601 Samuel Shores
Port Kennethland, ME 83476','Petroleum engineer'
'01343 Eileen Roads Apt. 122
Mariaberg, AR 74757','Petroleum engineer'
'5432 Castro Canyon Suite 629
West Madeline, TN 91510','Mechanical engineer'
'777 Short Oval Suite 006
West Kirsten, ID 32243','Technical brewer'
'017 Andrew Landing Suite 708
Kevinberg, SD 07959','Furniture designer'
'0522 Colleen Estate Apt. 419
Leeburgh, NH 83280','Archivist'
'PSC 2999, Box 8436
APO AP 74917','Environmental manager'
'525 Baker Estates Suite 775
North John, AZ 23581','Engineer, maintenance (IT)'
'055 Harris Station Apt. 888
Lake Jennaborough, IN 91152','Curator'
'PSC 5281, Box 7802
APO AP 27514','Building surveyor'
'USS Oconnor
FPO AP 18405','Surgeon'
'374 Cook Views Suite 396
Ramirezmouth, MH 16027','Chief Marketing Officer'
'34772 Hernandez Coves Apt. 254
East Thomasview, IA 91181','Furniture conservator/restorer'
'0840 Renee Burgs Apt. 144
Veronicafurt, VT 61421','Theme park manager'
'694 Baldwin Mission Apt. 213
Sherryhaven, ND 78093','Chartered public finance accountant'
'078 Thomas Path
Michaelberg, PA 01665','Surveyor, insurance'
'4928 Black Causeway
West James, WI 73368','Transport planner'
'2602 Lauren Meadow Apt. 774
Port Jeffreyside, TX 16627','Scientist, product/process development'
'USNV Stewart
FPO AE 23689','Engineer, agricultural'
'03775 Robert Greens
Phyllisview, PR 51259','Sports therapist'
'16952 Christy Estate Suite 379
New Michelleside, SD 11093','Therapist, sports'
'93441 Weeks Mountains
Port Toddstad, MP 37674','Outdoor activities/education manager'
'22200 Diane Key Apt. 819
Russellburgh, PA 31193','Animator'
'703 Williams Alley Suite 608
Lake Ian, IA 46543','Acupuncturist'
'Unit 8335 Box 2163
DPO AA 03722','Legal secretary'
'92238 Dylan Plaza Suite 244
South Pedro, TX 32968','Production engineer'
'636 Cantrell Valleys Suite 778
Port Tammyshire, KY 66623','Clinical scientist, histocompatibility and immunogenetics'
'8201 Jessica Shoal
Lake Jackie, GA 64614','Interpreter'
'Unit 1520 Box 4610
DPO AP 38141','Engineer, civil (consulting)'
'201 Mitchell Stravenue
South Davidside, AL 96667','Jewellery designer'
'USNS Cook
FPO AA 94782','Editor, film/video'
'4784 Johnson Flats
Mackenziefurt, FM 61700','Pharmacologist'
'341 David Corners
Gillespieborough, RI 74823','Presenter, broadcasting'
'Unit 3377 Box 0913
DPO AA 46934','Community arts worker'
'141 Colon Tunnel Suite 657
Woodsview, TX 68502','Retail merchandiser'
'725 Cardenas Plains
North Craigfurt, NM 30856','Illustrator'
'32991 Tyler Knolls
Bridgesfurt, CA 14811','Ergonomist'
'25908 Maurice Trail
Lake Jesse, TX 11220','Loss adjuster, chartered'
'7841 Jason Inlet
Smithbury, MD 61767','Audiological scientist'
'2481 Miller Lodge Apt. 488
Brownton, NH 71360','Dentist'
'7879 Brown Mountains Suite 846
North Kendra, TX 33775','Ophthalmologist'
'609 Padilla Wall Apt. 382
Hollandmouth, KS 75826','Scientific laboratory technician'
'337 Oconnell Valleys
Schultzview, PW 01794','Automotive engineer'
'23956 Goodwin Course
Meaganburgh, AS 57764','Fisheries officer'
'79873 Christopher Key Suite 161
Dylanside, MT 44001','Engineer, production'
'6423 Campbell Lock Suite 024
Port Toddborough, HI 79006','Energy engineer'
'240 Webster Inlet
South Karen, MH 18554','Occupational hygienist'
'438 Jackson Junction
Hammondberg, NH 99116','Physicist, medical'
'042 Vincent Light Suite 252
West Robert, VT 70528','IT sales professional'
'693 Daniel Passage
Fordport, DE 19247','Public affairs consultant'
'3749 Taylor Roads
Lake Brandonhaven, PW 16216','Insurance broker'
'0595 Zachary Pines
Danaport, MH 73889','Sports administrator'
'869 Mccarty Street
North Ericchester, SC 29019','Biochemist, clinical'
'754 Ray Throughway
New Patriciatown, GU 72855','Tourism officer'
'0490 Dillon Tunnel
East Todd, MN 76849','Operational investment banker'
'5274 Tina Oval
Kristenfort, NJ 05627','Commissioning editor'
'1825 Atkins Hill
Cynthiaton, IL 30151','Scientist, biomedical'
'1175 Gregory Locks
Leonberg, CA 13871','Audiological scientist'
'33559 Jessica Inlet Apt. 429
Lake Eric, NJ 24227','Clinical molecular geneticist'
'2703 Madison Fort Apt. 220
West Edwardburgh, SD 41435','Administrator, Civil Service'
'8931 Bonilla Terrace Suite 189
West Elizabethtown, HI 75580','Early years teacher'
'3408 Bowman Flat Apt. 825
West Charlotteshire, MH 96377','Investment analyst'
'81830 Rachael Ports Apt. 938
South Troy, MA 64017','Financial planner'
'PSC 1671, Box 1298
APO AP 94886','Patent examiner'
